label,f0,f1,f2,f3,f4,f5,f6,f7,f8,f9,f10,f11,f12,f13,f14,f15,f16,f17
squat,0.791,0.659,0.681,0.751,0.392,0.791,0.357,0.542,0.485,0.499,0.669,0.584,0.354,0.399,0.457,0.58,0.761,0.625
squat,0.623,0.306,0.473,0.627,0.503,0.503,0.425,0.387,0.625,0.542,0.647,0.533,0.595,0.721,0.336,0.666,0.682,0.394
squat,0.701,0.428,0.795,0.485,0.742,0.565,0.516,0.606,0.465,0.327,0.572,0.323,0.532,0.44,0.666,0.661,0.763,0.513
squat,0.75,0.366,0.711,0.333,0.484,0.44,0.493,0.747,0.329,0.577,0.723,0.314,0.499,0.377,0.541,0.769,0.61,0.359
squat,0.503,0.711,0.529,0.759,0.616,0.421,0.411,0.782,0.774,0.605,0.411,0.604,0.425,0.723,0.618,0.524,0.316,0.627
squat,0.552,0.754,0.762,0.359,0.42,0.503,0.786,0.505,0.628,0.637,0.647,0.68,0.334,0.569,0.455,0.772,0.738,0.433
squat,0.445,0.309,0.435,0.377,0.664,0.711,0.363,0.45,0.765,0.526,0.596,0.751,0.6,0.71,0.427,0.673,0.76,0.49
squat,0.641,0.567,0.726,0.5,0.505,0.759,0.332,0.683,0.309,0.391,0.486,0.643,0.404,0.519,0.791,0.364,0.543,0.578
squat,0.438,0.741,0.36,0.302,0.663,0.706,0.306,0.735,0.788,0.62,0.35,0.588,0.324,0.307,0.589,0.572,0.646,0.327
squat,0.474,0.774,0.596,0.379,0.523,0.613,0.567,0.694,0.702,0.588,0.602,0.747,0.601,0.366,0.706,0.377,0.578,0.537
squat,0.649,0.452,0.424,0.438,0.541,0.321,0.78,0.388,0.55,0.748,0.531,0.374,0.624,0.349,0.785,0.483,0.309,0.65
squat,0.462,0.373,0.463,0.648,0.694,0.753,0.559,0.342,0.341,0.714,0.401,0.745,0.309,0.717,0.459,0.483,0.551,0.467
squat,0.445,0.42,0.776,0.319,0.425,0.773,0.755,0.588,0.367,0.414,0.515,0.507,0.519,0.558,0.417,0.385,0.559,0.303
squat,0.501,0.402,0.434,0.611,0.689,0.556,0.694,0.604,0.777,0.722,0.328,0.753,0.347,0.667,0.398,0.763,0.721,0.799
squat,0.414,0.57,0.772,0.619,0.528,0.771,0.313,0.781,0.48,0.606,0.506,0.37,0.685,0.65,0.408,0.672,0.33,0.367
squat,0.687,0.62,0.765,0.301,0.549,0.368,0.617,0.51,0.506,0.329,0.478,0.613,0.632,0.383,0.403,0.433,0.664,0.582
squat,0.587,0.642,0.347,0.743,0.715,0.467,0.555,0.379,0.467,0.744,0.34,0.783,0.378,0.68,0.473,0.449,0.727,0.43
squat,0.499,0.787,0.737,0.576,0.429,0.579,0.311,0.631,0.491,0.432,0.411,0.399,0.629,0.348,0.642,0.719,0.547,0.787
squat,0.537,0.697,0.545,0.769,0.572,0.745,0.432,0.792,0.311,0.589,0.509,0.528,0.718,0.653,0.408,0.763,0.381,0.388
squat,0.692,0.47,0.384,0.602,0.768,0.406,0.41,0.658,0.685,0.69,0.643,0.765,0.47,0.778,0.535,0.381,0.509,0.716
squat,0.521,0.456,0.429,0.634,0.598,0.757,0.467,0.464,0.388,0.379,0.355,0.595,0.324,0.678,0.68,0.455,0.595,0.331
squat,0.368,0.506,0.792,0.679,0.608,0.705,0.504,0.479,0.595,0.376,0.586,0.508,0.606,0.575,0.503,0.765,0.745,0.606
squat,0.429,0.417,0.466,0.769,0.449,0.657,0.401,0.325,0.534,0.786,0.482,0.67,0.629,0.748,0.785,0.459,0.469,0.675
squat,0.322,0.548,0.752,0.538,0.506,0.322,0.639,0.768,0.643,0.688,0.541,0.358,0.424,0.468,0.426,0.41,0.667,0.439
squat,0.453,0.639,0.665,0.762,0.382,0.714,0.546,0.458,0.703,0.487,0.424,0.751,0.354,0.776,0.418,0.526,0.378,0.61
squat,0.446,0.481,0.766,0.67,0.693,0.793,0.366,0.753,0.783,0.8,0.492,0.326,0.433,0.479,0.422,0.769,0.699,0.336
squat,0.516,0.648,0.409,0.318,0.314,0.661,0.542,0.359,0.703,0.718,0.652,0.552,0.418,0.678,0.628,0.433,0.446,0.386
squat,0.508,0.527,0.643,0.574,0.525,0.778,0.565,0.427,0.439,0.641,0.517,0.418,0.773,0.386,0.306,0.758,0.705,0.692
squat,0.553,0.646,0.374,0.636,0.409,0.71,0.61,0.5,0.606,0.585,0.494,0.5,0.728,0.501,0.674,0.671,0.758,0.446
squat,0.334,0.607,0.317,0.373,0.752,0.569,0.733,0.487,0.348,0.471,0.326,0.385,0.635,0.54,0.603,0.731,0.369,0.399
squat,0.648,0.563,0.772,0.553,0.659,0.744,0.79,0.775,0.349,0.393,0.507,0.394,0.682,0.421,0.36,0.621,0.727,0.732
squat,0.677,0.585,0.67,0.75,0.752,0.779,0.627,0.596,0.753,0.745,0.408,0.64,0.588,0.751,0.358,0.751,0.741,0.681
squat,0.305,0.686,0.591,0.341,0.633,0.325,0.537,0.579,0.675,0.782,0.721,0.511,0.691,0.378,0.59,0.776,0.425,0.459
squat,0.785,0.784,0.68,0.476,0.623,0.519,0.597,0.659,0.52,0.742,0.408,0.31,0.656,0.565,0.468,0.732,0.753,0.695
squat,0.587,0.581,0.6,0.666,0.772,0.496,0.321,0.47,0.601,0.657,0.456,0.467,0.32,0.305,0.302,0.673,0.599,0.617
squat,0.451,0.477,0.525,0.545,0.529,0.4,0.65,0.377,0.364,0.609,0.699,0.757,0.663,0.384,0.76,0.316,0.417,0.686
squat,0.581,0.51,0.717,0.379,0.456,0.57,0.632,0.43,0.709,0.414,0.663,0.626,0.661,0.64,0.655,0.415,0.595,0.566
squat,0.634,0.478,0.485,0.43,0.547,0.564,0.479,0.45,0.657,0.509,0.403,0.58,0.549,0.736,0.522,0.788,0.354,0.367
squat,0.733,0.545,0.497,0.481,0.402,0.477,0.443,0.318,0.436,0.643,0.618,0.608,0.762,0.568,0.397,0.74,0.509,0.557
squat,0.335,0.562,0.687,0.322,0.327,0.443,0.502,0.427,0.567,0.393,0.4,0.53,0.475,0.598,0.723,0.32,0.305,0.751
squat,0.304,0.796,0.767,0.708,0.756,0.716,0.572,0.544,0.645,0.456,0.54,0.446,0.457,0.709,0.65,0.555,0.763,0.538
squat,0.794,0.567,0.565,0.706,0.78,0.413,0.433,0.707,0.649,0.54,0.476,0.302,0.575,0.701,0.325,0.457,0.429,0.316
squat,0.77,0.522,0.366,0.734,0.373,0.407,0.417,0.518,0.307,0.515,0.389,0.427,0.394,0.666,0.597,0.334,0.792,0.649
squat,0.534,0.759,0.689,0.788,0.506,0.539,0.772,0.53,0.686,0.514,0.467,0.738,0.545,0.773,0.795,0.602,0.473,0.536
squat,0.654,0.796,0.349,0.346,0.309,0.56,0.697,0.687,0.678,0.47,0.429,0.419,0.554,0.312,0.796,0.528,0.412,0.427
squat,0.378,0.307,0.54,0.493,0.724,0.768,0.593,0.649,0.641,0.324,0.59,0.493,0.735,0.711,0.615,0.728,0.542,0.321
squat,0.645,0.652,0.385,0.694,0.724,0.356,0.596,0.526,0.543,0.617,0.663,0.509,0.614,0.405,0.613,0.575,0.796,0.345
squat,0.316,0.342,0.423,0.409,0.69,0.686,0.76,0.458,0.631,0.558,0.428,0.302,0.359,0.347,0.586,0.302,0.407,0.774
squat,0.347,0.659,0.593,0.457,0.573,0.353,0.452,0.639,0.331,0.511,0.584,0.496,0.63,0.441,0.517,0.329,0.372,0.504
squat,0.334,0.636,0.587,0.798,0.469,0.383,0.77,0.774,0.669,0.335,0.324,0.351,0.575,0.556,0.428,0.536,0.414,0.753
squat,0.576,0.667,0.606,0.33,0.799,0.577,0.501,0.322,0.514,0.648,0.611,0.669,0.788,0.386,0.326,0.559,0.537,0.748
squat,0.48,0.748,0.717,0.422,0.78,0.454,0.713,0.653,0.792,0.43,0.476,0.651,0.451,0.603,0.742,0.351,0.795,0.496
squat,0.6,0.532,0.559,0.684,0.677,0.664,0.753,0.427,0.311,0.612,0.514,0.788,0.512,0.422,0.402,0.455,0.385,0.762
squat,0.535,0.325,0.306,0.768,0.644,0.409,0.437,0.44,0.415,0.699,0.693,0.422,0.412,0.703,0.647,0.664,0.718,0.424
squat,0.489,0.376,0.51,0.774,0.504,0.305,0.67,0.659,0.337,0.607,0.519,0.471,0.341,0.792,0.457,0.751,0.697,0.605
squat,0.622,0.309,0.732,0.77,0.371,0.554,0.714,0.541,0.311,0.779,0.618,0.544,0.308,0.527,0.545,0.302,0.56,0.454
squat,0.401,0.768,0.433,0.423,0.623,0.575,0.394,0.733,0.711,0.525,0.623,0.643,0.348,0.479,0.401,0.305,0.563,0.309
squat,0.761,0.646,0.313,0.749,0.69,0.503,0.7,0.445,0.311,0.612,0.784,0.624,0.742,0.726,0.454,0.465,0.511,0.317
squat,0.601,0.577,0.715,0.603,0.765,0.662,0.676,0.65,0.789,0.711,0.789,0.594,0.479,0.5,0.685,0.701,0.632,0.798
squat,0.527,0.741,0.554,0.703,0.441,0.569,0.656,0.51,0.389,0.431,0.39,0.355,0.308,0.583,0.699,0.467,0.797,0.611
squat,0.454,0.321,0.416,0.569,0.418,0.8,0.332,0.686,0.532,0.663,0.428,0.721,0.54,0.793,0.333,0.773,0.475,0.34
squat,0.736,0.564,0.4,0.6,0.427,0.594,0.648,0.694,0.756,0.392,0.618,0.732,0.544,0.798,0.706,0.728,0.474,0.767
squat,0.697,0.694,0.68,0.4,0.682,0.706,0.592,0.653,0.694,0.672,0.558,0.726,0.469,0.687,0.726,0.686,0.434,0.452
squat,0.525,0.684,0.651,0.511,0.715,0.751,0.514,0.41,0.508,0.735,0.494,0.507,0.564,0.314,0.685,0.585,0.521,0.78
squat,0.338,0.34,0.552,0.399,0.734,0.722,0.65,0.728,0.64,0.461,0.474,0.556,0.764,0.308,0.569,0.522,0.335,0.33
squat,0.489,0.635,0.589,0.583,0.749,0.315,0.507,0.773,0.484,0.57,0.362,0.549,0.712,0.704,0.601,0.539,0.735,0.656
squat,0.721,0.387,0.6,0.576,0.624,0.599,0.569,0.557,0.334,0.753,0.337,0.764,0.382,0.532,0.399,0.767,0.379,0.472
squat,0.427,0.622,0.331,0.637,0.495,0.324,0.375,0.773,0.761,0.674,0.379,0.325,0.322,0.425,0.555,0.787,0.751,0.783
squat,0.697,0.633,0.514,0.73,0.439,0.656,0.499,0.648,0.638,0.635,0.358,0.685,0.329,0.635,0.658,0.58,0.323,0.472
squat,0.733,0.601,0.738,0.621,0.405,0.481,0.479,0.417,0.363,0.429,0.599,0.592,0.389,0.44,0.635,0.636,0.515,0.55
squat,0.31,0.709,0.544,0.539,0.398,0.47,0.436,0.761,0.401,0.788,0.426,0.373,0.584,0.385,0.346,0.724,0.609,0.701
squat,0.54,0.313,0.545,0.734,0.516,0.544,0.602,0.613,0.31,0.56,0.613,0.376,0.66,0.398,0.759,0.4,0.393,0.515
squat,0.626,0.472,0.739,0.47,0.549,0.686,0.512,0.432,0.485,0.324,0.581,0.598,0.459,0.334,0.659,0.482,0.49,0.326
squat,0.336,0.438,0.404,0.352,0.786,0.506,0.413,0.677,0.728,0.714,0.308,0.331,0.348,0.691,0.618,0.348,0.537,0.683
squat,0.456,0.602,0.369,0.565,0.315,0.464,0.676,0.51,0.339,0.463,0.775,0.629,0.339,0.436,0.767,0.358,0.677,0.631
squat,0.636,0.616,0.549,0.499,0.461,0.599,0.436,0.687,0.315,0.64,0.45,0.787,0.577,0.581,0.489,0.643,0.389,0.796
squat,0.731,0.442,0.636,0.424,0.336,0.541,0.411,0.349,0.593,0.474,0.388,0.553,0.357,0.354,0.708,0.565,0.509,0.708
squat,0.716,0.313,0.333,0.675,0.478,0.507,0.701,0.615,0.652,0.581,0.572,0.724,0.379,0.656,0.587,0.669,0.396,0.462
squat,0.594,0.76,0.333,0.378,0.5,0.408,0.316,0.359,0.733,0.591,0.4,0.636,0.616,0.506,0.745,0.778,0.572,0.306
squat,0.616,0.49,0.591,0.796,0.495,0.753,0.738,0.36,0.76,0.499,0.652,0.438,0.579,0.606,0.692,0.501,0.466,0.303
squat,0.711,0.718,0.362,0.498,0.623,0.557,0.629,0.35,0.791,0.61,0.472,0.365,0.718,0.625,0.413,0.542,0.458,0.612
squat,0.408,0.571,0.319,0.344,0.639,0.79,0.515,0.722,0.589,0.472,0.61,0.758,0.516,0.728,0.516,0.352,0.717,0.622
squat,0.407,0.386,0.443,0.317,0.61,0.385,0.367,0.472,0.379,0.67,0.433,0.486,0.414,0.77,0.618,0.592,0.487,0.526
squat,0.303,0.777,0.496,0.633,0.408,0.517,0.446,0.395,0.794,0.665,0.459,0.635,0.631,0.318,0.792,0.4,0.425,0.718
squat,0.637,0.667,0.307,0.367,0.388,0.772,0.659,0.601,0.323,0.571,0.677,0.766,0.389,0.456,0.583,0.511,0.712,0.364
squat,0.713,0.536,0.421,0.547,0.489,0.544,0.401,0.598,0.509,0.348,0.72,0.693,0.716,0.514,0.552,0.426,0.504,0.755
squat,0.372,0.71,0.544,0.557,0.752,0.433,0.757,0.388,0.313,0.34,0.498,0.3,0.724,0.725,0.527,0.403,0.653,0.483
squat,0.449,0.598,0.482,0.449,0.538,0.419,0.371,0.406,0.311,0.57,0.618,0.627,0.305,0.654,0.769,0.775,0.71,0.545
squat,0.657,0.345,0.745,0.31,0.749,0.613,0.705,0.467,0.455,0.743,0.755,0.556,0.325,0.612,0.353,0.353,0.655,0.312
squat,0.52,0.321,0.616,0.781,0.543,0.416,0.357,0.535,0.766,0.542,0.479,0.312,0.529,0.747,0.548,0.418,0.527,0.412
squat,0.37,0.762,0.321,0.606,0.681,0.793,0.388,0.763,0.379,0.636,0.35,0.593,0.311,0.521,0.477,0.686,0.784,0.797
squat,0.757,0.758,0.357,0.583,0.686,0.49,0.308,0.774,0.53,0.569,0.533,0.743,0.774,0.705,0.661,0.615,0.565,0.733
squat,0.603,0.456,0.719,0.396,0.795,0.493,0.469,0.614,0.391,0.746,0.315,0.37,0.349,0.48,0.351,0.628,0.324,0.342
squat,0.681,0.567,0.362,0.34,0.717,0.631,0.506,0.433,0.724,0.755,0.375,0.636,0.799,0.758,0.621,0.516,0.348,0.596
squat,0.485,0.754,0.324,0.508,0.677,0.48,0.322,0.534,0.7,0.734,0.486,0.703,0.765,0.599,0.533,0.464,0.548,0.641
squat,0.397,0.615,0.743,0.644,0.641,0.456,0.537,0.314,0.501,0.774,0.587,0.531,0.466,0.582,0.539,0.725,0.485,0.584
squat,0.47,0.348,0.601,0.713,0.521,0.623,0.369,0.391,0.425,0.626,0.521,0.312,0.6,0.661,0.734,0.549,0.48,0.313
squat,0.383,0.494,0.726,0.552,0.363,0.329,0.479,0.489,0.47,0.648,0.73,0.436,0.448,0.337,0.435,0.737,0.601,0.64
squat,0.481,0.483,0.486,0.766,0.612,0.377,0.43,0.619,0.539,0.345,0.498,0.333,0.618,0.641,0.563,0.722,0.38,0.616
squat,0.739,0.755,0.465,0.309,0.706,0.657,0.484,0.54,0.694,0.352,0.617,0.761,0.683,0.326,0.721,0.37,0.508,0.436
standing,0.586,0.53,0.494,0.729,0.699,0.68,0.473,0.703,0.663,0.537,0.687,0.658,0.621,0.643,0.632,0.621,0.564,0.371
standing,0.702,0.754,0.386,0.399,0.401,0.749,0.713,0.402,0.542,0.76,0.34,0.693,0.683,0.609,0.684,0.711,0.636,0.579
standing,0.341,0.495,0.44,0.544,0.64,0.727,0.457,0.391,0.668,0.766,0.624,0.545,0.447,0.599,0.68,0.506,0.422,0.758
standing,0.755,0.739,0.733,0.633,0.568,0.445,0.732,0.765,0.509,0.581,0.564,0.357,0.584,0.549,0.397,0.39,0.652,0.534
standing,0.495,0.7,0.652,0.427,0.612,0.526,0.592,0.684,0.681,0.355,0.51,0.385,0.337,0.351,0.737,0.774,0.478,0.639
standing,0.419,0.773,0.493,0.615,0.538,0.575,0.568,0.65,0.34,0.398,0.405,0.611,0.337,0.305,0.376,0.368,0.515,0.748
standing,0.346,0.518,0.711,0.677,0.318,0.675,0.442,0.384,0.733,0.791,0.699,0.746,0.785,0.799,0.492,0.509,0.627,0.73
standing,0.405,0.433,0.367,0.484,0.49,0.524,0.485,0.483,0.556,0.536,0.471,0.67,0.622,0.452,0.581,0.613,0.5,0.314
standing,0.536,0.643,0.462,0.579,0.658,0.762,0.594,0.416,0.668,0.321,0.359,0.547,0.396,0.713,0.386,0.738,0.402,0.627
standing,0.507,0.549,0.496,0.536,0.628,0.4,0.502,0.669,0.456,0.508,0.617,0.561,0.679,0.561,0.338,0.742,0.514,0.584
standing,0.446,0.567,0.413,0.661,0.655,0.526,0.593,0.451,0.377,0.548,0.304,0.576,0.7,0.688,0.649,0.543,0.363,0.557
standing,0.687,0.373,0.489,0.566,0.732,0.56,0.442,0.764,0.505,0.657,0.557,0.376,0.723,0.729,0.77,0.512,0.454,0.651
standing,0.341,0.406,0.446,0.515,0.364,0.616,0.342,0.58,0.326,0.403,0.553,0.593,0.412,0.789,0.348,0.402,0.342,0.639
standing,0.446,0.754,0.467,0.309,0.748,0.503,0.617,0.593,0.708,0.645,0.464,0.581,0.669,0.518,0.639,0.343,0.402,0.43
standing,0.796,0.301,0.755,0.706,0.408,0.367,0.566,0.434,0.754,0.791,0.77,0.422,0.394,0.5,0.503,0.56,0.781,0.538
standing,0.548,0.301,0.647,0.694,0.439,0.718,0.771,0.611,0.797,0.567,0.387,0.678,0.624,0.359,0.339,0.667,0.378,0.754
standing,0.717,0.701,0.641,0.766,0.591,0.58,0.327,0.329,0.73,0.729,0.47,0.729,0.384,0.562,0.758,0.725,0.756,0.64
standing,0.508,0.375,0.551,0.54,0.732,0.582,0.382,0.406,0.386,0.489,0.441,0.364,0.451,0.753,0.482,0.402,0.44,0.386
standing,0.41,0.578,0.551,0.784,0.411,0.314,0.682,0.684,0.45,0.591,0.648,0.474,0.686,0.419,0.346,0.698,0.77,0.545
standing,0.687,0.721,0.795,0.549,0.627,0.483,0.77,0.429,0.781,0.377,0.775,0.699,0.379,0.69,0.554,0.388,0.448,0.734
standing,0.493,0.689,0.619,0.745,0.663,0.363,0.385,0.378,0.514,0.316,0.616,0.623,0.449,0.546,0.678,0.618,0.305,0.575
standing,0.598,0.639,0.396,0.648,0.695,0.442,0.423,0.717,0.473,0.578,0.514,0.563,0.742,0.428,0.455,0.529,0.59,0.507
standing,0.477,0.506,0.642,0.768,0.731,0.684,0.538,0.671,0.404,0.417,0.649,0.616,0.536,0.317,0.589,0.309,0.53,0.337
standing,0.337,0.741,0.49,0.783,0.581,0.624,0.777,0.431,0.388,0.313,0.311,0.503,0.745,0.502,0.534,0.314,0.456,0.389
standing,0.733,0.476,0.432,0.51,0.568,0.48,0.485,0.472,0.441,0.471,0.439,0.616,0.63,0.519,0.771,0.311,0.664,0.495
standing,0.347,0.8,0.64,0.638,0.303,0.476,0.334,0.447,0.764,0.351,0.718,0.384,0.793,0.342,0.367,0.376,0.537,0.32
standing,0.572,0.512,0.529,0.778,0.791,0.619,0.565,0.701,0.686,0.494,0.388,0.712,0.723,0.586,0.405,0.363,0.793,0.723
standing,0.684,0.451,0.499,0.305,0.442,0.407,0.456,0.419,0.476,0.787,0.647,0.56,0.385,0.423,0.415,0.314,0.303,0.33
standing,0.708,0.308,0.737,0.586,0.541,0.548,0.518,0.784,0.496,0.75,0.448,0.393,0.767,0.335,0.624,0.32,0.669,0.64
standing,0.347,0.433,0.364,0.41,0.791,0.605,0.615,0.398,0.442,0.599,0.671,0.462,0.719,0.423,0.621,0.391,0.766,0.71
standing,0.384,0.518,0.507,0.726,0.412,0.709,0.416,0.443,0.399,0.426,0.635,0.433,0.642,0.446,0.552,0.469,0.46,0.757
standing,0.553,0.408,0.739,0.706,0.551,0.596,0.77,0.672,0.697,0.673,0.794,0.502,0.447,0.339,0.436,0.706,0.621,0.683
standing,0.781,0.492,0.484,0.788,0.57,0.333,0.376,0.712,0.573,0.616,0.657,0.339,0.395,0.75,0.78,0.533,0.453,0.593
standing,0.597,0.302,0.446,0.31,0.712,0.791,0.79,0.69,0.362,0.312,0.531,0.393,0.563,0.727,0.481,0.46,0.484,0.581
standing,0.56,0.508,0.698,0.496,0.418,0.585,0.514,0.676,0.796,0.42,0.676,0.601,0.359,0.597,0.362,0.31,0.431,0.776
standing,0.799,0.382,0.505,0.427,0.767,0.523,0.573,0.429,0.464,0.657,0.614,0.677,0.58,0.429,0.441,0.701,0.409,0.549
standing,0.758,0.782,0.702,0.67,0.303,0.413,0.338,0.384,0.617,0.437,0.303,0.761,0.529,0.759,0.458,0.756,0.654,0.673
standing,0.547,0.448,0.499,0.77,0.625,0.316,0.369,0.455,0.464,0.559,0.515,0.396,0.736,0.769,0.739,0.383,0.395,0.483
standing,0.523,0.8,0.672,0.355,0.341,0.309,0.312,0.405,0.463,0.453,0.682,0.715,0.403,0.763,0.363,0.381,0.708,0.665
standing,0.404,0.771,0.612,0.741,0.303,0.326,0.697,0.418,0.559,0.724,0.671,0.571,0.531,0.636,0.766,0.593,0.615,0.664
standing,0.706,0.467,0.376,0.599,0.77,0.674,0.733,0.58,0.716,0.412,0.368,0.395,0.759,0.353,0.726,0.775,0.687,0.677
standing,0.504,0.548,0.377,0.645,0.591,0.476,0.341,0.33,0.432,0.434,0.603,0.301,0.585,0.795,0.657,0.462,0.578,0.672
standing,0.455,0.712,0.781,0.351,0.502,0.476,0.536,0.664,0.608,0.412,0.629,0.418,0.615,0.652,0.719,0.327,0.494,0.678
standing,0.389,0.77,0.392,0.569,0.547,0.621,0.673,0.779,0.628,0.38,0.66,0.322,0.42,0.534,0.576,0.66,0.435,0.37
standing,0.643,0.335,0.795,0.338,0.395,0.699,0.566,0.421,0.748,0.738,0.48,0.474,0.634,0.42,0.561,0.513,0.467,0.674
standing,0.609,0.63,0.625,0.579,0.478,0.523,0.712,0.769,0.723,0.617,0.547,0.338,0.342,0.3,0.665,0.65,0.592,0.706
standing,0.516,0.38,0.479,0.523,0.637,0.781,0.308,0.79,0.453,0.732,0.474,0.67,0.563,0.401,0.633,0.577,0.713,0.414
standing,0.641,0.514,0.503,0.311,0.696,0.71,0.436,0.747,0.375,0.502,0.408,0.428,0.548,0.665,0.364,0.643,0.463,0.456
standing,0.498,0.789,0.453,0.636,0.349,0.733,0.651,0.372,0.509,0.611,0.397,0.733,0.446,0.415,0.658,0.583,0.631,0.469
standing,0.666,0.643,0.596,0.779,0.791,0.415,0.556,0.544,0.69,0.393,0.769,0.693,0.489,0.654,0.386,0.364,0.776,0.693
standing,0.715,0.776,0.387,0.643,0.645,0.671,0.301,0.639,0.437,0.789,0.754,0.374,0.739,0.65,0.718,0.767,0.707,0.791
standing,0.674,0.325,0.354,0.668,0.756,0.306,0.332,0.697,0.494,0.325,0.759,0.551,0.337,0.313,0.408,0.523,0.523,0.722
standing,0.727,0.542,0.439,0.336,0.572,0.619,0.492,0.565,0.397,0.458,0.708,0.316,0.415,0.757,0.794,0.711,0.566,0.325
standing,0.468,0.314,0.742,0.779,0.512,0.586,0.455,0.39,0.484,0.383,0.732,0.72,0.381,0.629,0.501,0.78,0.765,0.756
standing,0.406,0.769,0.586,0.507,0.461,0.624,0.552,0.446,0.668,0.771,0.618,0.561,0.316,0.307,0.439,0.517,0.715,0.656
standing,0.719,0.611,0.49,0.396,0.463,0.536,0.664,0.426,0.76,0.642,0.731,0.305,0.613,0.509,0.397,0.404,0.646,0.558
standing,0.422,0.511,0.66,0.612,0.528,0.686,0.387,0.598,0.593,0.547,0.318,0.628,0.348,0.68,0.778,0.325,0.308,0.436
standing,0.504,0.742,0.619,0.483,0.313,0.301,0.791,0.562,0.564,0.443,0.457,0.55,0.723,0.491,0.461,0.742,0.453,0.304
standing,0.593,0.389,0.476,0.784,0.332,0.558,0.571,0.3,0.517,0.628,0.78,0.345,0.545,0.525,0.387,0.651,0.309,0.638
standing,0.598,0.47,0.669,0.561,0.477,0.788,0.555,0.567,0.435,0.562,0.775,0.722,0.686,0.597,0.467,0.563,0.608,0.332
standing,0.732,0.525,0.502,0.423,0.403,0.388,0.447,0.624,0.678,0.531,0.597,0.745,0.787,0.399,0.747,0.513,0.538,0.762
standing,0.507,0.336,0.333,0.335,0.599,0.646,0.761,0.351,0.658,0.599,0.309,0.768,0.726,0.695,0.416,0.574,0.484,0.348
standing,0.324,0.312,0.571,0.741,0.645,0.364,0.365,0.362,0.437,0.36,0.797,0.42,0.696,0.784,0.586,0.494,0.722,0.375
standing,0.42,0.718,0.468,0.547,0.449,0.318,0.546,0.755,0.495,0.415,0.326,0.349,0.516,0.329,0.481,0.511,0.722,0.367
standing,0.644,0.671,0.737,0.361,0.484,0.62,0.499,0.707,0.693,0.571,0.691,0.521,0.556,0.765,0.701,0.679,0.415,0.726
standing,0.305,0.758,0.372,0.697,0.669,0.337,0.387,0.694,0.607,0.735,0.681,0.443,0.666,0.484,0.707,0.481,0.605,0.721
standing,0.311,0.68,0.581,0.431,0.653,0.688,0.757,0.69,0.556,0.779,0.332,0.3,0.607,0.61,0.378,0.792,0.538,0.419
standing,0.388,0.691,0.572,0.612,0.529,0.601,0.323,0.494,0.724,0.763,0.698,0.732,0.758,0.381,0.541,0.52,0.589,0.692
standing,0.327,0.516,0.449,0.527,0.649,0.387,0.516,0.394,0.783,0.584,0.463,0.526,0.491,0.42,0.761,0.779,0.641,0.655
standing,0.39,0.433,0.645,0.486,0.528,0.407,0.795,0.453,0.737,0.372,0.614,0.397,0.622,0.527,0.615,0.308,0.337,0.632
standing,0.734,0.345,0.457,0.349,0.781,0.773,0.387,0.393,0.43,0.464,0.384,0.621,0.554,0.51,0.577,0.696,0.39,0.76
standing,0.734,0.588,0.332,0.735,0.387,0.391,0.726,0.404,0.652,0.674,0.736,0.602,0.366,0.646,0.577,0.435,0.715,0.602
standing,0.491,0.759,0.455,0.406,0.315,0.408,0.706,0.508,0.7,0.799,0.485,0.647,0.689,0.373,0.545,0.504,0.361,0.464
standing,0.587,0.577,0.713,0.728,0.352,0.32,0.538,0.37,0.449,0.47,0.628,0.775,0.595,0.421,0.334,0.55,0.454,0.616
standing,0.482,0.626,0.791,0.35,0.5,0.346,0.313,0.467,0.667,0.773,0.786,0.371,0.57,0.384,0.611,0.607,0.449,0.362
standing,0.535,0.632,0.78,0.405,0.533,0.457,0.616,0.52,0.445,0.321,0.38,0.484,0.666,0.649,0.383,0.529,0.549,0.424
standing,0.56,0.673,0.558,0.316,0.391,0.406,0.351,0.471,0.671,0.643,0.455,0.786,0.715,0.708,0.593,0.687,0.64,0.34
standing,0.544,0.563,0.67,0.707,0.529,0.546,0.642,0.775,0.641,0.601,0.438,0.396,0.795,0.723,0.384,0.35,0.643,0.605
standing,0.664,0.741,0.343,0.312,0.534,0.446,0.354,0.722,0.778,0.565,0.55,0.474,0.535,0.661,0.649,0.535,0.573,0.382
standing,0.797,0.782,0.684,0.691,0.542,0.543,0.605,0.367,0.651,0.362,0.445,0.395,0.434,0.73,0.663,0.321,0.421,0.674
standing,0.672,0.573,0.379,0.508,0.555,0.341,0.369,0.673,0.663,0.555,0.761,0.647,0.711,0.701,0.721,0.694,0.429,0.539
standing,0.435,0.607,0.509,0.72,0.645,0.326,0.475,0.722,0.679,0.736,0.669,0.539,0.599,0.56,0.413,0.333,0.438,0.369
standing,0.307,0.498,0.517,0.705,0.672,0.446,0.43,0.601,0.614,0.657,0.626,0.6,0.591,0.718,0.728,0.763,0.377,0.326
standing,0.342,0.571,0.663,0.631,0.383,0.614,0.336,0.307,0.629,0.724,0.742,0.572,0.487,0.731,0.688,0.403,0.48,0.71
standing,0.512,0.687,0.607,0.662,0.536,0.57,0.37,0.72,0.675,0.499,0.693,0.707,0.457,0.545,0.755,0.683,0.539,0.642
standing,0.634,0.645,0.567,0.662,0.401,0.566,0.651,0.384,0.609,0.709,0.415,0.682,0.46,0.527,0.561,0.616,0.347,0.676
standing,0.384,0.731,0.763,0.415,0.346,0.764,0.64,0.387,0.583,0.538,0.494,0.325,0.364,0.621,0.762,0.514,0.576,0.79
standing,0.594,0.57,0.442,0.799,0.76,0.691,0.514,0.488,0.695,0.533,0.691,0.688,0.788,0.566,0.73,0.371,0.733,0.767
standing,0.601,0.311,0.324,0.468,0.699,0.543,0.795,0.534,0.778,0.324,0.574,0.32,0.304,0.38,0.676,0.462,0.399,0.416
standing,0.454,0.655,0.607,0.501,0.331,0.71,0.495,0.669,0.697,0.558,0.611,0.741,0.491,0.508,0.493,0.639,0.607,0.386
standing,0.609,0.748,0.753,0.43,0.554,0.641,0.374,0.522,0.787,0.749,0.629,0.79,0.768,0.323,0.579,0.777,0.404,0.345
standing,0.339,0.392,0.774,0.35,0.551,0.564,0.31,0.699,0.536,0.501,0.473,0.487,0.357,0.351,0.42,0.329,0.401,0.5
standing,0.784,0.775,0.637,0.485,0.655,0.736,0.378,0.462,0.768,0.412,0.609,0.767,0.332,0.364,0.3,0.334,0.797,0.442
standing,0.733,0.435,0.659,0.338,0.672,0.399,0.352,0.323,0.782,0.356,0.302,0.39,0.476,0.736,0.664,0.611,0.574,0.461
standing,0.774,0.554,0.68,0.696,0.778,0.637,0.346,0.325,0.353,0.655,0.489,0.395,0.502,0.337,0.61,0.723,0.635,0.603
standing,0.429,0.337,0.773,0.483,0.631,0.469,0.347,0.629,0.454,0.713,0.703,0.448,0.764,0.513,0.768,0.764,0.302,0.315
standing,0.322,0.608,0.479,0.478,0.477,0.589,0.711,0.779,0.449,0.314,0.588,0.37,0.373,0.798,0.412,0.377,0.627,0.38
standing,0.426,0.522,0.64,0.341,0.666,0.611,0.664,0.589,0.598,0.525,0.482,0.56,0.694,0.722,0.549,0.668,0.668,0.376
standing,0.403,0.424,0.38,0.319,0.397,0.555,0.306,0.689,0.496,0.359,0.664,0.577,0.434,0.695,0.452,0.719,0.405,0.58
standing,0.624,0.571,0.633,0.669,0.388,0.318,0.785,0.443,0.465,0.634,0.728,0.506,0.42,0.421,0.484,0.371,0.573,0.688
pushup,0.562,0.318,0.4,0.508,0.531,0.38,0.604,0.618,0.421,0.438,0.595,0.559,0.436,0.482,0.578,0.433,0.703,0.648
pushup,0.531,0.707,0.762,0.747,0.315,0.468,0.677,0.433,0.621,0.702,0.331,0.502,0.37,0.522,0.747,0.477,0.608,0.684
pushup,0.45,0.496,0.665,0.656,0.516,0.618,0.622,0.486,0.675,0.424,0.507,0.751,0.668,0.348,0.619,0.321,0.345,0.575
pushup,0.74,0.779,0.56,0.372,0.451,0.641,0.506,0.386,0.705,0.478,0.637,0.552,0.491,0.796,0.565,0.487,0.311,0.794
pushup,0.433,0.632,0.712,0.41,0.351,0.307,0.66,0.417,0.59,0.785,0.631,0.327,0.729,0.598,0.485,0.637,0.326,0.71
pushup,0.545,0.771,0.612,0.432,0.46,0.483,0.64,0.717,0.322,0.777,0.615,0.686,0.552,0.442,0.349,0.609,0.507,0.562
pushup,0.441,0.395,0.69,0.648,0.563,0.375,0.468,0.477,0.487,0.788,0.778,0.556,0.743,0.744,0.337,0.473,0.336,0.795
pushup,0.656,0.645,0.445,0.767,0.563,0.352,0.346,0.309,0.489,0.683,0.599,0.477,0.507,0.555,0.404,0.779,0.664,0.774
pushup,0.456,0.74,0.584,0.746,0.483,0.796,0.746,0.748,0.753,0.708,0.432,0.402,0.568,0.463,0.764,0.639,0.588,0.705
pushup,0.418,0.343,0.797,0.541,0.747,0.421,0.352,0.518,0.353,0.68,0.794,0.561,0.367,0.373,0.725,0.433,0.439,0.371
pushup,0.759,0.761,0.345,0.385,0.481,0.404,0.354,0.31,0.655,0.355,0.348,0.569,0.597,0.561,0.624,0.452,0.715,0.534
pushup,0.391,0.699,0.596,0.592,0.797,0.372,0.466,0.522,0.526,0.621,0.556,0.302,0.302,0.59,0.438,0.556,0.774,0.762
pushup,0.466,0.47,0.791,0.464,0.673,0.328,0.571,0.773,0.788,0.475,0.347,0.345,0.493,0.345,0.699,0.354,0.42,0.447
pushup,0.691,0.459,0.583,0.707,0.75,0.585,0.487,0.403,0.482,0.459,0.51,0.754,0.428,0.359,0.52,0.579,0.768,0.711
pushup,0.483,0.684,0.371,0.383,0.441,0.516,0.489,0.37,0.784,0.592,0.544,0.765,0.78,0.783,0.621,0.649,0.39,0.511
pushup,0.798,0.707,0.452,0.386,0.756,0.728,0.699,0.506,0.605,0.541,0.575,0.574,0.635,0.323,0.479,0.574,0.707,0.673
pushup,0.628,0.611,0.414,0.725,0.435,0.661,0.779,0.425,0.682,0.752,0.495,0.564,0.598,0.379,0.305,0.772,0.325,0.406
pushup,0.447,0.345,0.309,0.6,0.747,0.577,0.724,0.675,0.561,0.628,0.385,0.488,0.79,0.381,0.577,0.479,0.796,0.375
pushup,0.525,0.668,0.383,0.31,0.321,0.496,0.719,0.681,0.562,0.372,0.549,0.381,0.525,0.537,0.569,0.738,0.363,0.721
pushup,0.569,0.68,0.432,0.457,0.327,0.76,0.491,0.479,0.382,0.347,0.742,0.731,0.437,0.694,0.333,0.515,0.593,0.505
pushup,0.333,0.308,0.541,0.465,0.758,0.489,0.414,0.49,0.692,0.596,0.738,0.684,0.734,0.346,0.322,0.356,0.7,0.547
pushup,0.752,0.779,0.514,0.425,0.646,0.422,0.796,0.538,0.589,0.397,0.641,0.649,0.432,0.661,0.668,0.679,0.662,0.36
pushup,0.65,0.563,0.768,0.345,0.588,0.601,0.392,0.429,0.443,0.446,0.649,0.303,0.773,0.552,0.556,0.481,0.354,0.34
pushup,0.57,0.452,0.757,0.548,0.389,0.446,0.414,0.394,0.389,0.69,0.679,0.453,0.553,0.392,0.633,0.673,0.377,0.474
pushup,0.426,0.423,0.691,0.439,0.791,0.425,0.368,0.331,0.709,0.359,0.592,0.356,0.61,0.685,0.306,0.661,0.432,0.595
pushup,0.551,0.51,0.365,0.376,0.599,0.613,0.732,0.531,0.489,0.386,0.305,0.382,0.528,0.69,0.753,0.788,0.79,0.343
pushup,0.411,0.474,0.474,0.375,0.465,0.49,0.588,0.381,0.572,0.381,0.615,0.765,0.324,0.429,0.548,0.656,0.46,0.416
pushup,0.421,0.76,0.545,0.599,0.477,0.661,0.764,0.732,0.408,0.535,0.308,0.563,0.566,0.552,0.413,0.322,0.393,0.612
pushup,0.41,0.735,0.394,0.394,0.38,0.729,0.439,0.709,0.45,0.346,0.382,0.752,0.425,0.768,0.435,0.37,0.579,0.495
pushup,0.457,0.746,0.397,0.336,0.309,0.332,0.403,0.563,0.376,0.39,0.504,0.428,0.462,0.684,0.726,0.603,0.687,0.705
pushup,0.564,0.398,0.309,0.36,0.691,0.655,0.776,0.454,0.561,0.706,0.434,0.377,0.791,0.343,0.306,0.658,0.574,0.52
pushup,0.786,0.538,0.645,0.757,0.492,0.509,0.648,0.671,0.407,0.687,0.552,0.741,0.351,0.344,0.63,0.585,0.56,0.41
pushup,0.555,0.614,0.454,0.657,0.687,0.731,0.718,0.718,0.365,0.638,0.372,0.368,0.634,0.448,0.402,0.545,0.748,0.647
pushup,0.367,0.797,0.637,0.798,0.62,0.543,0.597,0.32,0.318,0.315,0.544,0.484,0.783,0.327,0.365,0.564,0.598,0.667
pushup,0.474,0.413,0.738,0.466,0.475,0.408,0.551,0.594,0.796,0.765,0.689,0.727,0.427,0.56,0.377,0.505,0.504,0.321
pushup,0.558,0.475,0.601,0.31,0.57,0.413,0.724,0.77,0.476,0.555,0.757,0.558,0.779,0.348,0.591,0.423,0.672,0.626
pushup,0.667,0.6,0.659,0.367,0.506,0.497,0.548,0.36,0.369,0.415,0.329,0.563,0.693,0.653,0.736,0.315,0.654,0.39
pushup,0.763,0.529,0.663,0.554,0.709,0.606,0.332,0.58,0.347,0.511,0.798,0.754,0.642,0.79,0.626,0.319,0.34,0.752
pushup,0.491,0.776,0.668,0.498,0.722,0.642,0.398,0.488,0.404,0.538,0.595,0.328,0.694,0.5,0.704,0.619,0.703,0.418
pushup,0.627,0.675,0.774,0.712,0.727,0.563,0.562,0.474,0.6,0.752,0.777,0.571,0.541,0.79,0.671,0.695,0.435,0.341
pushup,0.333,0.606,0.779,0.508,0.734,0.336,0.36,0.3,0.39,0.393,0.703,0.646,0.58,0.716,0.405,0.76,0.361,0.565
pushup,0.325,0.315,0.42,0.383,0.784,0.579,0.761,0.687,0.797,0.41,0.44,0.644,0.381,0.584,0.782,0.361,0.53,0.461
pushup,0.744,0.348,0.553,0.65,0.628,0.693,0.514,0.703,0.525,0.578,0.419,0.609,0.603,0.757,0.525,0.322,0.576,0.692
pushup,0.717,0.458,0.652,0.524,0.451,0.664,0.732,0.416,0.654,0.602,0.367,0.451,0.671,0.573,0.316,0.325,0.523,0.437
pushup,0.638,0.757,0.673,0.561,0.751,0.37,0.335,0.586,0.529,0.705,0.499,0.762,0.525,0.468,0.433,0.362,0.71,0.63
pushup,0.502,0.323,0.686,0.544,0.454,0.487,0.659,0.354,0.406,0.56,0.339,0.712,0.785,0.746,0.638,0.524,0.606,0.715
pushup,0.612,0.683,0.332,0.792,0.415,0.498,0.401,0.624,0.573,0.703,0.797,0.613,0.636,0.55,0.611,0.341,0.398,0.719
pushup,0.636,0.573,0.625,0.703,0.531,0.612,0.695,0.67,0.671,0.424,0.527,0.662,0.49,0.622,0.698,0.774,0.628,0.353
pushup,0.789,0.436,0.424,0.786,0.768,0.683,0.326,0.394,0.649,0.337,0.739,0.68,0.642,0.733,0.343,0.701,0.308,0.751
pushup,0.77,0.437,0.469,0.752,0.414,0.682,0.755,0.538,0.526,0.424,0.741,0.748,0.422,0.318,0.416,0.556,0.647,0.398
pushup,0.38,0.635,0.788,0.391,0.734,0.393,0.726,0.472,0.676,0.426,0.31,0.365,0.771,0.773,0.486,0.527,0.401,0.488
pushup,0.481,0.596,0.373,0.572,0.579,0.655,0.681,0.425,0.778,0.6,0.482,0.638,0.521,0.381,0.664,0.68,0.315,0.668
pushup,0.355,0.512,0.451,0.789,0.715,0.368,0.655,0.327,0.586,0.367,0.708,0.468,0.632,0.361,0.657,0.367,0.366,0.402
pushup,0.437,0.313,0.573,0.706,0.572,0.484,0.449,0.722,0.343,0.596,0.783,0.689,0.505,0.382,0.662,0.404,0.653,0.679
pushup,0.36,0.72,0.623,0.676,0.691,0.406,0.582,0.778,0.794,0.446,0.346,0.58,0.65,0.434,0.629,0.695,0.539,0.479
pushup,0.543,0.518,0.36,0.646,0.429,0.526,0.567,0.562,0.631,0.356,0.544,0.729,0.563,0.684,0.424,0.612,0.411,0.734
pushup,0.449,0.48,0.558,0.57,0.72,0.354,0.743,0.435,0.528,0.317,0.53,0.397,0.656,0.565,0.493,0.766,0.397,0.767
pushup,0.436,0.554,0.64,0.563,0.58,0.578,0.788,0.794,0.505,0.608,0.713,0.687,0.515,0.621,0.667,0.635,0.78,0.53
pushup,0.35,0.745,0.485,0.697,0.382,0.597,0.636,0.621,0.542,0.691,0.642,0.747,0.577,0.373,0.543,0.316,0.776,0.323
pushup,0.325,0.401,0.402,0.773,0.359,0.461,0.528,0.468,0.791,0.418,0.611,0.715,0.799,0.365,0.378,0.771,0.494,0.631
pushup,0.441,0.799,0.439,0.443,0.562,0.796,0.596,0.574,0.441,0.557,0.408,0.796,0.628,0.634,0.618,0.418,0.702,0.693
pushup,0.666,0.788,0.412,0.588,0.446,0.312,0.306,0.421,0.658,0.301,0.612,0.579,0.547,0.639,0.394,0.309,0.488,0.607
pushup,0.472,0.419,0.778,0.448,0.528,0.316,0.796,0.512,0.779,0.692,0.674,0.594,0.571,0.569,0.57,0.479,0.423,0.728
pushup,0.469,0.354,0.736,0.616,0.664,0.356,0.534,0.716,0.403,0.745,0.5,0.467,0.316,0.691,0.657,0.525,0.751,0.661
pushup,0.514,0.349,0.733,0.499,0.623,0.784,0.625,0.332,0.485,0.663,0.602,0.32,0.642,0.638,0.328,0.425,0.561,0.368
pushup,0.376,0.691,0.501,0.415,0.704,0.682,0.617,0.479,0.642,0.484,0.614,0.686,0.325,0.53,0.496,0.774,0.646,0.73
pushup,0.743,0.75,0.753,0.515,0.699,0.642,0.638,0.676,0.564,0.308,0.665,0.752,0.501,0.499,0.588,0.602,0.614,0.342
pushup,0.649,0.587,0.525,0.394,0.518,0.33,0.51,0.627,0.346,0.522,0.756,0.555,0.536,0.312,0.535,0.357,0.492,0.621
pushup,0.693,0.531,0.318,0.317,0.777,0.67,0.753,0.749,0.347,0.572,0.531,0.686,0.379,0.424,0.393,0.665,0.524,0.667
pushup,0.691,0.671,0.418,0.725,0.642,0.773,0.792,0.79,0.731,0.472,0.514,0.596,0.515,0.719,0.522,0.563,0.574,0.784
pushup,0.327,0.436,0.539,0.667,0.355,0.362,0.728,0.766,0.554,0.506,0.746,0.687,0.436,0.723,0.517,0.694,0.599,0.787
pushup,0.709,0.347,0.411,0.791,0.311,0.455,0.379,0.515,0.403,0.779,0.793,0.523,0.7,0.393,0.58,0.438,0.453,0.722
pushup,0.559,0.528,0.416,0.433,0.685,0.43,0.484,0.674,0.526,0.549,0.623,0.603,0.447,0.668,0.504,0.576,0.727,0.577
pushup,0.631,0.738,0.769,0.416,0.453,0.592,0.614,0.58,0.721,0.464,0.56,0.377,0.766,0.723,0.583,0.304,0.67,0.403
pushup,0.353,0.431,0.533,0.685,0.332,0.761,0.4,0.717,0.577,0.69,0.6,0.404,0.756,0.609,0.776,0.795,0.338,0.524
pushup,0.467,0.702,0.403,0.578,0.407,0.394,0.75,0.656,0.501,0.711,0.561,0.472,0.478,0.608,0.536,0.57,0.721,0.388
pushup,0.437,0.547,0.705,0.304,0.437,0.602,0.306,0.733,0.73,0.557,0.534,0.705,0.366,0.56,0.697,0.571,0.641,0.354
pushup,0.788,0.434,0.457,0.701,0.773,0.41,0.401,0.543,0.53,0.301,0.375,0.44,0.439,0.487,0.326,0.497,0.488,0.419
pushup,0.438,0.47,0.337,0.327,0.655,0.445,0.388,0.471,0.59,0.51,0.675,0.729,0.48,0.589,0.479,0.555,0.557,0.313
pushup,0.602,0.509,0.684,0.569,0.755,0.552,0.563,0.373,0.651,0.662,0.537,0.622,0.458,0.553,0.594,0.632,0.498,0.553
pushup,0.398,0.422,0.6,0.566,0.357,0.31,0.596,0.643,0.617,0.377,0.493,0.426,0.338,0.657,0.361,0.37,0.374,0.429
pushup,0.686,0.778,0.674,0.625,0.666,0.472,0.498,0.34,0.797,0.757,0.706,0.752,0.421,0.722,0.667,0.525,0.391,0.668
pushup,0.718,0.373,0.391,0.523,0.666,0.56,0.749,0.531,0.641,0.396,0.401,0.763,0.473,0.492,0.302,0.5,0.56,0.333
pushup,0.409,0.646,0.58,0.789,0.539,0.436,0.56,0.313,0.375,0.66,0.68,0.442,0.695,0.46,0.617,0.745,0.604,0.704
pushup,0.564,0.798,0.591,0.692,0.489,0.657,0.33,0.402,0.61,0.563,0.798,0.641,0.627,0.757,0.558,0.542,0.657,0.568
pushup,0.553,0.579,0.445,0.501,0.387,0.704,0.561,0.494,0.37,0.311,0.302,0.373,0.55,0.416,0.372,0.369,0.751,0.489
pushup,0.302,0.672,0.424,0.347,0.425,0.491,0.47,0.618,0.363,0.746,0.461,0.638,0.395,0.628,0.712,0.511,0.537,0.34
pushup,0.796,0.302,0.47,0.603,0.638,0.308,0.798,0.73,0.356,0.405,0.383,0.374,0.456,0.597,0.508,0.794,0.375,0.798
pushup,0.326,0.567,0.665,0.447,0.366,0.319,0.433,0.747,0.773,0.471,0.728,0.365,0.514,0.355,0.328,0.652,0.676,0.545
pushup,0.729,0.401,0.35,0.552,0.448,0.416,0.656,0.304,0.695,0.51,0.646,0.798,0.37,0.423,0.484,0.474,0.744,0.447
pushup,0.375,0.354,0.789,0.311,0.455,0.475,0.388,0.439,0.373,0.432,0.773,0.327,0.683,0.567,0.473,0.669,0.522,0.625
pushup,0.587,0.618,0.327,0.344,0.512,0.301,0.645,0.447,0.385,0.685,0.399,0.783,0.616,0.522,0.313,0.4,0.583,0.421
pushup,0.584,0.42,0.659,0.521,0.561,0.405,0.468,0.502,0.479,0.596,0.628,0.519,0.447,0.712,0.701,0.764,0.696,0.786
pushup,0.406,0.559,0.789,0.549,0.797,0.406,0.692,0.543,0.631,0.455,0.714,0.656,0.421,0.348,0.478,0.732,0.63,0.729
pushup,0.663,0.7,0.759,0.764,0.3,0.676,0.318,0.794,0.383,0.755,0.468,0.659,0.71,0.775,0.735,0.707,0.372,0.409
pushup,0.468,0.4,0.715,0.48,0.433,0.593,0.792,0.75,0.477,0.477,0.605,0.541,0.546,0.701,0.609,0.743,0.563,0.746
pushup,0.434,0.715,0.66,0.661,0.483,0.561,0.616,0.31,0.472,0.308,0.503,0.579,0.373,0.709,0.543,0.557,0.658,0.689
pushup,0.559,0.738,0.472,0.315,0.604,0.775,0.639,0.623,0.508,0.376,0.311,0.512,0.305,0.758,0.719,0.356,0.518,0.499
pushup,0.327,0.591,0.46,0.532,0.57,0.411,0.327,0.537,0.505,0.327,0.748,0.74,0.565,0.55,0.4,0.683,0.578,0.559
pushup,0.738,0.566,0.313,0.637,0.33,0.72,0.469,0.735,0.468,0.655,0.499,0.447,0.358,0.654,0.659,0.366,0.524,0.501
